,0,1,2,3,4,5,6,7,8,9,10,11,12,13,14,15,16
0,7.901172905904191e-16,-3.6337107489158633e-16,8.161178363526362e-16,7.645675873764769e-16,-0.236382616437392,-0.04759829757204514,0.05625818973734942,0.027864444267638407,0.0821524829943835,0.964954988333808,0.005393475238266027,0.0,0.0,0.0,0.0,0.0,0.0
1,6.372469986295321e-16,-1.546820787980884e-15,5.706734405749851e-16,4.441944554127408e-16,0.43607274232569443,-0.044083577803224305,0.05210401234626253,0.0258068977142875,0.07608623754514326,0.8937014656970819,0.004995214060670317,0.0,0.0,0.0,0.0,0.0,0.0
2,1.5869289623549574e-15,-1.220579974763009e-15,1.410391961532438e-15,7.853037491694779e-18,0.5281261029679817,-0.04159773132053128,0.04916589837549771,0.024351662247724202,0.07179578029534558,0.8433061766623359,0.004713536939122943,0.0,0.0,0.0,0.0,0.0,0.0
3,1.821625815694876e-15,-1.4502937411874641e-15,2.073486828256786e-15,-1.8796699623352078e-15,0.5839711925157991,-0.03976604620858401,0.04700096194239775,0.02327937835688797,0.06863437562991954,0.8061726282794791,0.004505984383686259,0.0,0.0,0.0,0.0,0.0,0.0
4,-2.406139849934277e-16,6.262104596239831e-16,3.512045417732013e-16,9.123004009442099e-16,-0.23620938155744176,-0.04760036126468862,0.056260628892071625,0.02786565237069373,0.08215604483342806,0.964996825345054,0.0053937090801404386,0.0,0.0,0.0,0.0,0.0,0.0
5,6.122549812506896e-16,2.7766168250629827e-16,7.47711344738449e-16,2.4205966941781096e-15,-0.8123098213172815,-0.028570251754969703,0.033768238068642514,0.016725265993681404,0.04931094684411369,0.5792015335670857,0.003237362537141412,0.0,0.0,0.0,0.0,0.0,0.0
6,2.4653365121202197e-15,-3.3150253345265338e-15,1.3936901660683858e-17,-1.2969629032325265e-15,0.46709863955634756,-0.043314184597833504,0.05119463803795038,0.025356488452085248,0.07475830008842443,0.878103642888224,0.004908032303894611,0.0,0.0,0.0,0.0,0.0,0.0
7,2.6779981399605582e-15,-1.9284411233210733e-15,-3.593828656008869e-16,-4.98963576279447e-16,0.06615790609490081,-0.04887925303557061,0.057772198413877346,0.028614326384087518,0.08436335349399411,0.9909236558579095,0.005538623319736425,0.0,0.0,0.0,0.0,0.0,0.0
8,1.0764080334817619e-15,-9.113559769181768e-16,1.6595264961634807e-15,1.6076521562234173e-16,0.6995328776043285,-0.03500582646516657,0.041374682029524365,0.020492705628911066,0.060418454232129104,0.7096692232990339,0.003966592669603692,0.0,0.0,0.0,0.0,0.0,0.0
9,2.2490611680873824e-15,-1.146683605505504e-16,7.885019968379306e-16,5.779235674530224e-16,0.368925660175542,-0.04553100792157608,0.05381478357934049,0.02665423549570869,0.07858443567929459,0.9230450553675469,0.005159225777489713,0.0,0.0,0.0,0.0,0.0,0.0
10,-6.574832279897785e-16,-8.0580535415870925e-16,5.99473745391724e-16,1.5764737203918553e-15,-0.5890184973673467,-0.039587008618336715,0.046789350787461874,0.023174568243719645,0.06832536494385953,0.8025430191417627,0.004485697212527764,0.0,0.0,0.0,0.0,0.0,0.0
11,1.0875604948407008e-15,-2.46537688663729e-15,1.6610948012003006e-15,-1.4092228912648354e-15,0.20386590141573427,-0.04795779874418288,0.05668309747952756,0.028074899281496844,0.08277296556281354,0.9722431155791206,0.005434211163057979,0.0,0.0,0.0,0.0,0.0,0.0
12,2.2830126436702747e-15,-6.959917450815051e-16,9.492803195112741e-16,-1.8597131724067032e-15,0.5670132076618091,-0.040350667591777585,0.04769194759478464,0.023621620638242073,0.06964340537869045,0.8180245925045984,0.00457222920996948,0.0,0.0,0.0,0.0,0.0,0.0
13,-2.0871787373600204e-16,-2.5697270301983577e-15,1.4730693340559092e-15,-8.323410212610693e-16,0.7422340684911769,-0.03282789841139395,0.038800508247405385,0.019217728203900903,0.056659450096957074,0.6655163302982007,0.0037198065106877256,0.0,0.0,0.0,0.0,0.0,0.0
14,3.628518330539527e-16,-2.7455730435517633e-16,5.754654754989329e-16,3.4959192335461798e-15,-0.9404845533229885,-0.016647423012987547,0.01967620545850257,0.009745541635036043,0.028732690153563795,0.3374913536554518,0.001886358722506225,0.0,0.0,0.0,0.0,0.0,0.0
15,5.130133862324468e-16,1.6161660036261473e-16,3.289058816907114e-16,2.420772468220103e-15,-0.9619324062996389,-0.01338741740686726,0.015823084164483983,0.00783710689771395,0.02310606969065883,0.2714016228859972,0.001516959806786897,0.0,0.0,0.0,0.0,0.0,0.0
16,-8.571299431372154e-16,1.7024054891476135e-16,1.5826167428931561e-15,2.5185609329438785e-15,-0.8402429592028801,-0.026561014415543323,0.0313934460858454,0.015549041533547978,0.04584309516078307,0.5384684886405944,0.003009691120498977,0.0,0.0,0.0,0.0,0.0,0.0
17,2.5923297406050454e-15,-9.897173314341917e-16,4.298393874519911e-17,-3.46945541398998e-16,-0.237652386205221,-0.047583122269522445,0.05624025348558564,0.027855560517736324,0.08212629111681322,0.9646473411149562,0.005391755688984247,0.0,0.0,0.0,0.0,0.0,0.0
18,2.1153278249041025e-15,-4.0720138310625567e-16,1.50931261613319e-15,2.6494019124242355e-15,-0.7700400146300812,-0.03125321861298198,0.036939335907354834,0.01829589738808827,0.05394162483934563,0.6335930220285128,0.003541375832824194,0.0,0.0,0.0,0.0,0.0,0.0
19,1.970745746163409e-15,3.2310801132824233e-16,-8.548122513983688e-16,1.3269465345628184e-15,-0.5428983389239678,-0.04113884807733291,0.048623527284929205,0.02408302813248099,0.0710037688210615,0.8340032877529489,0.004661539797721962,0.0,0.0,0.0,0.0,0.0,0.0
20,1.9759793906730545e-15,-8.623099052393621e-16,-8.320862666201407e-16,1.0807202915309067e-15,-0.3404903089934297,-0.046059529946238374,0.05443946332337662,0.026963636740116172,0.07949664050295364,0.933759723541785,0.005219113853289503,0.0,0.0,0.0,0.0,0.0,0.0
21,3.426496756809862e-16,1.5108781421473458e-15,-1.5141504653324706e-15,1.7827245540084037e-15,-0.4311971680096762,-0.0441985152594414,0.05223986118014239,0.0258741830691521,0.07628461433378769,0.8960315799528584,0.005008237894623731,0.0,0.0,0.0,0.0,0.0,0.0
22,2.4341988580668125e-15,-2.5400177526239405e-15,-1.63262740139111e-15,-2.5611874784163962e-15,0.5587735733123459,-0.04062555870086359,0.048016851571628064,0.02378254420861259,0.07011785485097076,0.8235974293599521,0.004603377769174461,0.0,0.0,0.0,0.0,0.0,0.0
23,5.155788238886455e-16,-9.871701898903389e-16,-3.3710994956268177e-16,-8.414828514652361e-18,-0.04558860384706329,-0.0489356431106298,0.057838847930854184,0.028647337608941136,0.08446068018252591,0.9920668455726042,0.005545013011994041,0.0,0.0,0.0,0.0,0.0,0.0
24,4.449845158977252e-16,-3.2720774939844305e-15,1.0708317834981524e-15,-3.0152198719693563e-15,0.22796846667579002,-0.047696685271812,0.05637447780149779,0.02792204125569802,0.08232229566089601,0.9669495912193188,0.005404623780323798,0.0,0.0,0.0,0.0,0.0,0.0
25,-1.0669523730495779e-16,-1.3819265873528058e-15,1.3679616103557228e-15,-1.1193260699780934e-15,0.4084698484419333,-0.044713564423323394,0.05284861685132732,0.026175697187390542,0.07717356561640189,0.906473114320184,0.005066599328826095,0.0,0.0,0.0,0.0,0.0,0.0
26,1.069782851893965e-15,-2.8143651063323495e-16,-9.507515140543838e-16,-1.3981550719976845e-15,-0.007337178807638265,-0.04898525590160256,0.057897487124905334,0.02867638135460991,0.08454630958892421,0.9930726401614057,0.0055506347542261195,0.0,0.0,0.0,0.0,0.0,0.0
27,9.156783965897989e-16,-5.279742090692737e-16,3.6888532530785737e-16,3.9342545960565765e-16,-0.2701707238969244,-0.04716488294425672,0.05574592094605051,0.027610719694347936,0.08140442918458131,0.9561684218296536,0.005344364005677413,0.0,0.0,0.0,0.0,0.0,0.0
28,2.3501698108011132e-15,-2.0499726311655905e-15,1.378512852268057e-15,5.47510716332356e-16,-0.18337979795086712,-0.04815586704065618,0.05691720173056802,0.02819085013036738,0.08311482237677198,0.9762585321058074,0.005456654748372962,0.0,0.0,0.0,0.0,0.0,0.0
29,7.296013776147218e-16,-3.0489371188093347e-15,3.372601032007587e-15,-2.078524573900974e-15,0.5003450338855535,-0.04241385507682436,0.05013050525163646,0.024829427967985554,0.07320437254402076,0.8598513627278527,0.004806013844718242,0.0,0.0,0.0,0.0,0.0,0.0
30,1.582102160005352e-15,-2.348073093954518e-15,1.44697136157103e-15,-1.7424113353072398e-15,0.4623899673946462,-0.04343525277425696,0.05133773299696677,0.025427362782190006,0.07496725821953489,0.8805580445522938,0.004921750824200715,0.0,0.0,0.0,0.0,0.0,0.0
31,6.758525245194831e-16,6.31063109317099e-16,1.8158101546125184e-15,1.5512538438166392e-15,-0.31293760672818416,-0.046526159414967704,0.05499098996462187,0.027236805561025583,0.08030202160795305,0.9432196508190952,0.005271988737758138,0.0,0.0,0.0,0.0,0.0,0.0
32,1.423952299843534e-15,-2.0455320224411051e-16,-2.4697289299320493e-16,1.9876840783436154e-15,-0.8376379506063002,-0.0267577325972809,0.031625954586306695,0.015664202013881166,0.04618262173850089,0.5424565344415202,0.0030319817211347647,0.0,0.0,0.0,0.0,0.0,0.0
33,5.971383195225134e-16,1.7123201913567262e-16,3.879719931279374e-16,2.8394151391505076e-15,-0.9401799944683579,-0.01668865385673519,0.019724937718876484,0.009769678518209658,0.02880385270270282,0.33832722196120957,0.0018910306865503792,0.0,0.0,0.0,0.0,0.0,0.0
34,1.892430554167805e-15,-2.9686791946733505e-15,2.898617224163061e-15,-3.4214405962776946e-16,0.33170474956495205,-0.04621311392514102,0.054620989912907585,0.027053546094837476,0.07976171942087387,0.9368733144500844,0.005236516815778085,0.0,0.0,0.0,0.0,0.0,0.0
35,1.523281799029878e-15,-1.2695667670341479e-15,1.1775184540229776e-15,-7.140779893029786e-16,0.2656656163582739,-0.047226253527973036,0.055818457110560514,0.02764664655091384,0.08151035200308854,0.9574125808419398,0.005351318051104215,0.0,0.0,0.0,0.0,0.0,0.0
36,1.6696128150606106e-15,-7.325368379052845e-16,7.724025454962968e-16,2.816836219003291e-15,-0.51126366626978,-0.042100233575068306,0.049759824390106254,0.02464583129956409,0.07266307618671412,0.8534933489331415,0.004770476653468519,0.0,0.0,0.0,0.0,0.0,0.0
37,3.0306917704135036e-15,2.4946698940097777e-16,-1.480735652731809e-16,-4.7544165989341856e-17,-0.10257635195110444,-0.048728176874735483,0.05759363590734666,0.028525885127183955,0.08410260295527722,0.9878609056661208,0.005521504524019627,0.0,0.0,0.0,0.0,0.0,0.0
38,4.2676447131788374e-16,-8.714329417588552e-16,2.0560248420303656e-15,-1.3532944550249431e-15,0.7005899072157461,-0.034955062902031396,0.04131468269525813,0.02046298821152504,0.0603308386456528,0.7086400992342975,0.003960840530666294,0.0,0.0,0.0,0.0,0.0,0.0
39,1.0416604217768e-15,-1.8847696525659544e-16,3.739626469706161e-16,3.664222467473083e-16,-0.0837288280623849,-0.048814561893130694,0.05769573755810285,0.028576455644479762,0.08425169954311147,0.9896121795282219,0.005531293013975263,0.0,0.0,0.0,0.0,0.0,0.0
40,1.3234248949203925e-15,-1.2965054335951463e-15,5.840592491500255e-16,-1.3417855348137167e-15,-0.13525835383594487,-0.048536405714804366,0.05736697447507284,0.028413620675080378,0.0837716147107696,0.9839731502876407,0.0054997744820813885,0.0,0.0,0.0,0.0,0.0,0.0
41,0.0,0.0,0.0,0.0,0.0,0.0,0.0,0.0,0.0,0.0,0.0,0.0,0.0,0.0,0.0,0.0,1.0
42,1.8976569863188507e-15,-1.7204381863969582e-15,1.5532302240612014e-15,-6.036503433461026e-16,0.6978432236159354,-0.035086660408040156,0.04147022265865103,0.02054002649984696,0.06055796991769171,0.7113079608249965,0.003975752154113165,0.0,0.0,0.0,0.0,0.0,0.0
43,2.6278707272022623e-15,-1.8453790666074222e-15,-1.6341347022600894e-16,-4.883075248788044e-16,-0.2534531116623973,-0.04738704883982142,0.05600850704142396,0.027740777480674987,0.08178787735160255,0.9606723663003267,0.005369538146719961,0.0,0.0,0.0,0.0,0.0,0.0
44,1.5733016052904298e-15,-2.632355213721517e-16,-2.199238838659023e-15,1.9988695601284788e-15,-0.6594107236346392,-0.036827268019694444,0.04352751122294332,0.021558992854964192,0.06356217898630126,0.7465951051825285,0.004172984503417464,0.0,0.0,0.0,0.0,0.0,0.0
45,2.0025147047533514e-15,-1.8142378890056093e-15,2.6234318783366913e-15,-9.914747104931054e-16,0.5500196542977183,-0.04091122149144738,0.04835448699753994,0.02394977361204808,0.07061089575248815,0.8293886393152536,0.00463574689299091,0.0,0.0,0.0,0.0,0.0,0.0
46,1.6532299804678705e-15,-1.410683246070222e-15,-8.452586307369348e-17,1.0569791624272359e-15,-0.5280843127221876,-0.04159900445192759,0.049167403136614586,0.024352407549569372,0.07179797766185794,0.8433319867133529,0.0047136812006442095,0.0,0.0,0.0,0.0,0.0,0.0
47,1.712672279485105e-15,-1.5677925110511194e-15,1.3150188715116632e-15,-1.2901152311888655e-15,0.590427283490215,-0.03953661552502637,0.04672978932519363,0.023145067702488472,0.06823838877134221,0.8015214055705333,0.004479987052400066,0.0,0.0,0.0,0.0,0.0,0.0
48,1.917094204207367e-15,4.759322456007025e-16,7.478660270818579e-16,2.9981544055776142e-15,-0.5629578361296457,-0.040486699235898475,0.04785272843014088,0.023701254708360833,0.06987818977015814,0.820782346883671,0.004587643276051735,0.0,0.0,0.0,0.0,0.0,0.0
49,3.231865772854698e-15,-2.877369735034676e-15,6.737331682678419e-16,7.769825704015347e-16,0.20313754740499226,-0.04796521478197069,0.05669186276909113,0.0280792406924743,0.08278576530459712,0.9723934600876964,0.005435051491769006,0.0,0.0,0.0,0.0,0.0,0.0
50,-0.05846380025928951,-0.35423128155262806,-0.0075075155125803525,0.8719709470925603,-1.4651445245677022e-50,-0.02338575040583848,0.04154191947320656,0.008404065245040093,-0.32873473645166856,1.1458096053491207e-50,0.017398511660569743,0.0,0.0,0.0,0.0,0.0,0.0
51,-0.19498039203385592,-0.4898883663591393,-0.05326540394834442,0.6564556531082346,-2.662545449330853e-50,-0.03773250779303155,0.06702717565432594,0.013559815351167204,-0.530407867600715,2.799102708518727e-50,0.028072200610494178,0.0,0.0,0.0,0.0,0.0,0.0
52,-0.01724534573969682,-0.3525768596162587,0.012763866757320217,0.8666200750978159,-1.2127819550951307e-50,-0.024769192823794514,0.04399943537606471,0.008901228694639832,-0.3481818600534782,7.029270001137822e-51,0.018427764031045662,0.0,0.0,0.0,0.0,0.0,0.0
53,-0.4743569016400379,0.6943663984744495,0.03841804786600977,-0.1602560281996879,-3.284707660404923e-51,-0.036227202726675754,0.06435318569188768,0.013018858496168314,-0.5092477142731358,3.9757463698572975e-50,0.02695228496548039,0.0,0.0,0.0,0.0,0.0,0.0
54,-0.1604157461112108,-0.5323396871976487,-0.04427316028800911,0.6291287034943225,-2.598915688142493e-50,-0.038051729715524216,0.06759423427627109,0.013674533152293342,-0.5348951871324651,2.494249020997679e-50,0.02830969507804075,0.0,0.0,0.0,0.0,0.0,0.0
55,-0.5481798194083772,0.35658896602646045,-0.006499458297475675,0.01177706793121324,-1.8331932208013835e-50,-0.05316338268006916,0.09443823370608709,0.019105161431074852,-0.7473204960679658,5.266432258891967e-50,0.039552450420557245,0.0,0.0,0.0,0.0,0.0,0.0
56,-0.2088647306042002,-0.7210533174436329,-0.08689820038064382,0.09957525308749542,-3.4700504267563574e-50,-0.04549413468826915,0.08081475458027391,0.016349087352417396,-0.6395134694121984,3.293538851006091e-50,0.03384668950643455,0.0,0.0,0.0,0.0,0.0,0.0
57,-1.0590059223857808e-15,3.6329077679902583e-16,1.1009651466655848e-16,1.976897767486735e-16,-4.3688813425828834e-65,0.12197349856801155,0.24060209358569404,0.00773662663063243,0.011526101305137393,-4.556429374224221e-65,-0.9628293679600463,0.0,0.0,0.0,0.0,0.0,0.0
58,-0.13291276359435944,-0.3948824603881748,-0.03132820838884214,0.8067714851313241,-2.015666700016873e-50,-0.029363034218817897,0.052159831599959,0.010552103357166711,-0.4127577327146676,1.998121366985716e-50,0.021845486434265256,0.0,0.0,0.0,0.0,0.0,0.0
59,-0.4755218673281855,0.6929863183282385,0.03790134775715681,-0.15709928091491865,-3.394916725164341e-51,-0.0363530665824105,0.06457676740592047,0.013064089803146108,-0.5110169891831249,3.99023709818257e-50,0.027045925055008885,0.0,0.0,0.0,0.0,0.0,0.0
60,-1.1308051112005051e-15,5.420882074714407e-16,6.49011638418194e-17,9.708452464404666e-17,-4.2726603541561176e-65,0.12197349856801186,0.2406020935856941,0.007736626630632291,0.011526101305137218,-4.048541792236903e-65,-0.9628293679600463,0.0,0.0,0.0,0.0,0.0,0.0
61,-0.546248368754702,0.36896590740805046,-0.004555337502705369,0.0909945303084313,-1.7856303334264602e-50,-0.05246253279880924,0.09319325978714778,0.018853299163374696,-0.7374686120355975,5.227557194154929e-50,0.0390310326931002,0.0,0.0,0.0,0.0,0.0,0.0
62,-0.4886111187083841,0.6714284258347376,0.03362201859953705,-0.1169059462040021,-4.826752435858863e-51,-0.0382154270840558,0.06788502258896449,0.013733360572485023,-0.5371962897427717,4.161595227339437e-50,0.028431482513796093,0.0,0.0,0.0,0.0,0.0,0.0
63,-0.2548366060689575,-0.6358341123532995,-0.07434731658341143,-0.018646298664848234,-3.4321013849396858e-50,-0.05092024637940903,0.09045357698341232,0.018299052433195493,-0.7157886098626405,3.6497771601938994e-50,0.037883603690991786,0.0,0.0,0.0,0.0,0.0,0.0
64,-0.47101509714541684,0.7003926189492242,0.03982535087563821,-0.16456512067072818,-2.903804247647864e-51,-0.03576365192942497,0.06352974451267317,0.01285227367092724,-0.5027315560776148,3.931166765659004e-50,0.026607412818503512,0.0,0.0,0.0,0.0,0.0,0.0
65,-0.12139717767957182,-0.3932671847567661,-0.03016543761478253,0.8199883356382968,-1.9483931632664011e-50,-0.02787629595507088,0.0495188232868393,0.010017818796952904,-0.39185857391821294,1.8738247630174812e-50,0.020739384104037643,0.0,0.0,0.0,0.0,0.0,0.0
66,-0.5370574701253182,0.4982332159407445,0.008577992203870753,-0.013516776750712188,-1.3135544801247597e-50,-0.04782769456194157,0.08496003769823003,0.01718769159180254,-0.6723164445895377,4.935885241080305e-50,0.03558280949266601,0.0,0.0,0.0,0.0,0.0,0.0
67,-0.5023338518648748,0.6386618889680713,0.028351654683527336,-0.08360288968205594,-6.6537353908227e-51,-0.040495609572506815,0.07193548732392417,0.014552782745003774,-0.5692489361789007,4.356415872923791e-50,0.030127890836171508,0.0,0.0,0.0,0.0,0.0,0.0
68,-6.199672220568241e-19,1.4314222149807466e-18,-1.2505197733112305e-18,-8.784898973660995e-18,-5.073244562926145e-69,-0.9991105643444509,-2.6157074873511546e-05,-0.03460323823890255,-0.0011451162623433435,-2.1313909708135243e-69,-0.024070399731784927,0.0,0.0,0.0,0.0,0.0,0.0
69,-0.4784495075918584,0.6878072754109545,0.037129314777749695,-0.14938158012573563,-3.7258965789957034e-51,-0.03681093222591924,0.0653901096062815,0.01322863157216389,-0.51745323087035,4.029037627969044e-50,0.02738656756590918,0.0,0.0,0.0,0.0,0.0,0.0
70,-0.1558216961472153,-0.6961364620186952,-0.08992635062185556,-0.44116490454099194,-3.0870061078370153e-50,-0.0377442619089831,0.0670480554007475,0.013564039391688855,-0.5305730958333986,2.695123253165275e-50,0.028080945428165152,0.0,0.0,0.0,0.0,0.0,0.0
71,-0.5336109941326267,0.4538359952204673,0.008101791948672018,0.14928507380806882,-1.4423262066841016e-50,-0.04904457376751072,0.08712167446801876,0.017624997731717888,-0.6894221802616597,4.965739938167436e-50,0.0364881422991908,0.0,0.0,0.0,0.0,0.0,0.0
72,-0.0965521401505444,-0.7210065658433631,-0.04439558614915259,-0.2874852826681233,-2.805524880931683e-50,-0.043678115945403974,0.07758881985212832,0.015696470278495158,-0.6139855974189252,2.094801358000245e-50,0.03249560935184509,0.0,0.0,0.0,0.0,0.0,0.0
73,-0.39989621242705947,-0.3619060382164199,-0.06729822105693006,0.25672785348973587,-3.3590217575885555e-50,-0.05616824503185069,0.09977600340257478,0.020185009578707933,-0.7895600058610983,4.777047474534176e-50,0.0417880054811675,0.0,0.0,0.0,0.0,0.0,0.0
74,-0.22958164833434605,-0.37038049347236585,-0.0440343681827575,0.7185842766245272,-2.4678755286283837e-50,-0.03796660182291415,0.06744301500819386,0.013643941003175024,-0.5336985398213011,2.9860873839379263e-50,0.02824636169738904,0.0,0.0,0.0,0.0,0.0,0.0
75,-0.13573869813319192,-0.3951576573879038,-0.03214841859436424,0.8048278630780071,-2.03252907599173e-50,-0.029539454906265885,0.05247322132935363,0.010615503117368624,-0.41523768769521446,2.0285822359155202e-50,0.021976739754532414,0.0,0.0,0.0,0.0,0.0,0.0
76,-0.05573090439648948,-0.374192094565289,-0.0035124470003198285,0.8475541853471057,-1.505606195410252e-50,-0.026157708567509458,0.046465963420351655,0.009400215329725823,-0.36770029966511586,1.145399522018001e-50,0.01946079085031253,0.0,0.0,0.0,0.0,0.0,0.0
77,0.18089322887158,-0.36577654398447434,0.10763648946695581,0.7308947150723011,-5.711637700833272e-52,-0.037697907631128416,0.06696571270724866,0.013547381197328564,-0.5299214912857882,-1.393896850124008e-50,0.02804645881004323,0.0,0.0,0.0,0.0,0.0,0.0
78,-0.4317035529984708,-0.29145684744147204,-0.06154428793600189,0.1907726602777436,-3.3002763931503446e-50,-0.058318445150076,0.10359557038727189,0.02095772038635182,-0.819785483210151,5.007352223541249e-50,0.04338770962493954,0.0,0.0,0.0,0.0,0.0,0.0
79,-0.4659657017918659,0.7076418841265093,0.041302148441509735,-0.17760936161605756,-2.3870235353551444e-51,-0.03506206680071444,0.06228346451674653,0.012600147179611087,-0.49286933663274696,3.8666922021757967e-50,0.026085448082244708,0.0,0.0,0.0,0.0,0.0,0.0
80,-0.4701437845409322,0.7014940751219123,0.0399014105009368,-0.16828829606601278,-2.819204957078942e-51,-0.035627382571952776,0.06328767870009054,0.012803302970769533,-0.5008160104766393,3.920303048915823e-50,0.02650603125221192,0.0,0.0,0.0,0.0,0.0,0.0
81,-0.4648933147196139,0.7088945515416706,0.04149308162948833,-0.18140759263037373,-2.2863873927247354e-51,-0.03490988617477869,0.06201313428580416,0.012545458495808915,-0.4907301254852822,3.853450776469309e-50,0.025972228863320124,0.0,0.0,0.0,0.0,0.0,0.0
82,-0.4937151447086422,0.6583472432411018,0.03194430380925391,-0.10757214793401175,-5.533041332918206e-51,-0.03914680673897392,0.06953950439741917,0.014068067616387962,-0.5502887430565137,4.23528934003836e-50,0.029124409595682094,0.0,0.0,0.0,0.0,0.0,0.0
83,-0.09445347638255928,-0.6381159640447218,-0.06289065633303617,-0.5824971240632971,-2.540571507862959e-50,-0.03447676174094249,0.061243741812181146,0.01238980789926895,-0.48464167229744837,1.9538156856558453e-50,0.0256499932975729,0.0,0.0,0.0,0.0,0.0,0.0
84,-0.5325213677130666,0.5285478441372051,0.01161490911655195,-0.029981185745049,-1.190308958500006e-50,-0.04640966115936294,0.08244107515061753,0.016678097286379315,-0.6523830736783858,4.842377735530965e-50,0.03452782214944862,0.0,0.0,0.0,0.0,0.0,0.0
85,-0.23118784767979467,-0.7013259417301121,-0.09232437570783232,0.15109201761379457,-3.5366221904769584e-50,-0.04572970867346855,0.08123322289338193,0.016433744851417905,-0.64282494544334,3.501811196654195e-50,0.034021951649290595,0.0,0.0,0.0,0.0,0.0,0.0
86,-0.07939356155494114,-0.4066775610545386,-0.014723243639641984,0.8181711421644297,-1.7456101287754838e-50,-0.027997982272545067,0.04973498411613753,0.010061548834849299,-0.3935691249508085,1.4460496969621002e-50,0.02082991619202916,0.0,0.0,0.0,0.0,0.0,0.0
87,-6.321716254300438e-19,1.530617268539642e-18,-1.4285811558289816e-18,-1.0764697964984357e-17,-4.6058314153052567e-69,-0.9991105643444509,-2.6157074873742576e-05,-0.034603238238902524,-0.0011451162623432986,-1.8665188679701522e-69,-0.024070399731784112,0.0,0.0,0.0,0.0,0.0,0.0
88,-0.5183694572493206,0.5881249870817191,0.02036864148030607,-0.05593014062427215,-9.183762424330951e-51,-0.043431471621653985,0.07715068643934878,0.01560783446595631,-0.6105185050503754,4.602579042324074e-50,0.03231211110746438,0.0,0.0,0.0,0.0,0.0,0.0
89,-0.48405964839176024,0.6772341215139094,0.03507339664263403,-0.1377022477254575,-4.381058913774286e-51,-0.03764254959188694,0.06686737593513425,0.013527487348916819,-0.5291433203857865,4.104486782302407e-50,0.028005273580803524,0.0,0.0,0.0,0.0,0.0,0.0
90,-0.5087049363027057,0.617829708780079,0.025017957712186616,-0.08352619217885783,-7.679412436255322e-51,-0.04169314181229045,0.0740627565801259,0.014983136225287802,-0.5860827105246209,4.455330797146602e-50,0.031018829902748908,0.0,0.0,0.0,0.0,0.0,0.0
91,-0.31792828001818435,-0.5437579890552995,-0.07791184846412463,0.1986378804352231,-3.4963581957354774e-50,-0.052488206730948304,0.09323886638103286,0.018862525525456638,-0.7378295118642769,4.182061381007657e-50,0.039050133564360844,0.0,0.0,0.0,0.0,0.0,0.0
92,-0.4957987218448228,0.6540750216250988,0.031014203109103133,-0.10214499771483418,-5.788308198815608e-51,-0.039444855225235984,0.07006895100488392,0.014175176384817589,-0.5544784264697451,4.2638684780452306e-50,0.02934615146727774,0.0,0.0,0.0,0.0,0.0,0.0
93,-1.1100969783723232e-15,4.5690544229456405e-16,1.1098502236413936e-16,1.3252419405340218e-16,-4.350202630110732e-65,0.1219734985680122,0.24060209358569426,0.007736626630632442,0.01152610130513739,-4.155170041666428e-65,-0.962829367960046,0.0,0.0,0.0,0.0,0.0,0.0
94,-0.5071393095311916,0.6221390659931939,0.025835633099194115,-0.08663118906251571,-7.452376064457279e-51,-0.041436260745367555,0.0736064388477002,0.014890821665816146,-0.5824717197131839,4.432206725765258e-50,0.030827715734476006,0.0,0.0,0.0,0.0,0.0,0.0
95,-0.5185866779169183,0.5877139057402063,0.020620980717527323,-0.0461640023323196,-9.210908621339793e-51,-0.043502206118246504,0.07727633760343058,0.015633254104588323,-0.6115128236286268,4.605451677872429e-50,0.032364736100994836,0.0,0.0,0.0,0.0,0.0,0.0
96,-0.5234231646964432,0.5659618165159123,0.017934888366720258,-0.042360818688664814,-1.0180591859085729e-50,-0.04465069412596234,0.07931648579215385,0.01604598270993515,-0.6276571805974052,4.689357442438853e-50,0.033219187279491386,0.0,0.0,0.0,0.0,0.0,0.0
97,-0.30549494013933415,-0.35033599315928604,-0.050930845405300976,0.5970401413131472,-2.814316986593283e-50,-0.045813086204058086,0.08138133285785021,0.016463707978319742,-0.643996987822518,3.7597767433331233e-50,0.03408398279701845,0.0,0.0,0.0,0.0,0.0,0.0
98,-1.1044424383092772e-15,4.4406274342452177e-16,1.1303378103242508e-16,1.395301823237374e-16,-4.356363946688216e-65,0.12197349856801215,0.24060209358569426,0.00773662663063285,0.011526101305137254,-4.196554894376806e-65,-0.9628293679600461,0.0,0.0,0.0,0.0,0.0,0.0
99,-0.5123481651803174,0.6079559848561252,0.023757500731794175,-0.06482914357205931,-8.20510408794267e-51,-0.04235250199407926,0.0752340291328733,0.015220088467208695,-0.5953513716462826,4.50878790429657e-50,0.03150938015716745,0.0,0.0,0.0,0.0,0.0,0.0
100,0.7834905716770938,0.2825230143622382,0.25718485515707795,-0.05555601004795351,5.626369480462782e-50,-0.034222532340148513,0.060792134439649585,0.012298446260904289,-0.4810679560977365,-8.749487235875235e-50,0.025460851913729137,0.0,0.0,0.0,0.0,0.0,0.0
101,-0.09329277695693486,-0.5486383548444462,-0.07864311381317696,-0.7462513400839931,-2.2637793610731063e-50,-0.025068301931678826,0.04453076604785582,0.009008718615401876,-0.352386452681232,1.8127788522577545e-50,0.01865029498305841,0.0,0.0,0.0,0.0,0.0,0.0
102,0.6187775300414732,0.3143722119007783,-0.624215721252197,0.012301921020460724,3.2264508028082043e-50,-0.025193243335877375,0.04475270913978405,0.009053618423809669,-0.35414276064092265,-6.803850872017925e-50,0.01874324878783817,0.0,0.0,0.0,0.0,0.0,0.0
103,0.7345038413887609,0.08245849719822702,0.33069279902354076,-0.07418637794152541,4.631642440901784e-50,-0.040912167915382346,0.07267545216727928,0.014702480036353197,-0.5751045189456127,-7.958961746377123e-50,0.03043780157499126,0.0,0.0,0.0,0.0,0.0,0.0
104,0.7866113620014519,0.22328008611992933,0.21244838419847822,-0.06739827632231149,5.236330231983004e-50,-0.03730400549220357,0.0662659938335161,0.013405825796361815,-0.5243843879823266,-8.681754165518071e-50,0.027753403815522087,0.0,0.0,0.0,0.0,0.0,0.0
105,4.099576561775548e-44,-1.3243385497265995e-43,4.4482997654442975e-43,1.5652877061592855e-41,0.0,0.00016740973928151774,-0.00841976347965925,0.9999645391416689,1.921559501703241e-07,0.0,4.009779222056338e-06,0.0,0.0,0.0,0.0,0.0,0.0
106,0.0,0.0,0.0,0.0,0.0,0.0,0.0,0.0,0.0,0.0,0.0,0.0,0.0,0.0,0.0,1.0,0.0
107,0.37225430234174084,0.25451225611397366,-0.8699963079954832,0.0478572432463829,1.300559171571733e-50,-0.013604222381598254,0.02416623374766507,0.004888907583416914,-0.19123527710825886,-4.045737566052595e-50,0.010121258357404267,0.0,0.0,0.0,0.0,0.0,0.0
108,0.0,0.0,0.0,0.0,0.0,0.0,0.0,0.0,0.0,0.0,0.0,0.0,0.0,0.0,1.0,0.0,0.0
109,0.0,0.0,0.0,0.0,0.0,0.0,0.0,0.0,0.0,0.0,0.0,0.0,1.0,0.0,0.0,0.0,0.0
110,0.70796685994401,0.04957339157774455,0.33515224814161954,0.15836904205183952,4.409817872111482e-50,-0.04210662140704515,0.0747972524047768,0.01513172711638839,-0.5918950151653749,-7.631029332879211e-50,0.031326450117032646,0.0,0.0,0.0,0.0,0.0,0.0
111,0.6007534311001475,-0.18135991373735585,0.28444261458739495,-0.20637294108447732,3.032205444545232e-50,-0.048830883359557445,0.08674207964787144,0.017548204466609194,-0.6864183228390258,-6.146819252157746e-50,0.03632916108243424,0.0,0.0,0.0,0.0,0.0,0.0
112,0.7978422233321356,0.24029616966993067,0.1417995642810948,-0.04141601618861964,5.21586266989228e-50,-0.03744749756470888,0.06652088991414727,0.013457392101421752,-0.5264014636724159,-8.804583619692894e-50,0.027860158931494634,0.0,0.0,0.0,0.0,0.0,0.0
113,-0.08253203519145574,-0.5060407392300468,-0.0785668690515249,-0.7986185950781447,-2.0699125744541658e-50,-0.021450480339202653,0.03810414938365006,0.007708593189428646,-0.30153054226173376,1.6359968788400803e-50,0.015958711002633387,0.0,0.0,0.0,0.0,0.0,0.0
114,-0.07866556156135208,-0.48323682417860636,-0.0787304965047816,-0.8215069541051184,-1.9764150080520681e-50,-0.01978222687813605,0.03514070156872838,0.007109078070659579,-0.2780798146887066,1.5614491502410433e-50,0.01471756514280651,0.0,0.0,0.0,0.0,0.0,0.0
115,0.7613260061613086,0.1952570374161742,0.3215509682301262,0.017367723770416593,5.209672254809987e-50,-0.03709479350577815,0.06589435438033865,0.013330641927832156,-0.521443483969106,-8.405326983533668e-50,0.02759775445117892,0.0,0.0,0.0,0.0,0.0,0.0
116,0.7424617758323929,0.09750876330473514,0.31774638423844026,-0.04758852375531323,4.7048955238642305e-50,-0.04074106854634912,0.07237151510787307,0.014640992581993393,-0.5726993660208356,-8.061185540129218e-50,0.030310507204888322,0.0,0.0,0.0,0.0,0.0,0.0
117,-7.889212827432701e-55,1.1531176766257826e-54,-3.9320763324960965e-54,-1.9319168832079584e-52,0.0,2.172629225565165e-14,0.9939210550131152,0.11009512433171592,2.4937806381378268e-17,0.0,5.20388107680419e-16,0.0,0.0,0.0,0.0,0.0,0.0
118,4.38499594194252e-44,-1.6796440649936023e-43,7.287370425068936e-43,3.4655141128113694e-41,0.0,0.00016740973928144602,-0.008419763479659297,0.9999645391416689,1.9215595017024178e-07,0.0,4.009779222054634e-06,0.0,0.0,0.0,0.0,0.0,0.0
119,-0.09375917282436497,-0.729298464280021,-0.047423856906226976,-0.3242119622983428,-2.8218843379589135e-50,-0.04169713039879131,0.0740698418152109,0.014984569591356068,-0.5861387782970523,2.0780196230072383e-50,0.03102179732810905,0.0,0.0,0.0,0.0,0.0,0.0
120,0.8073159962469006,0.29692984456691934,0.032596419526707554,-0.04981285789989111,5.313903416405118e-50,-0.035597691388907116,0.06323493595232825,0.012792632941577061,-0.5003986399384747,-8.956387237129504e-50,0.02648394162989095,0.0,0.0,0.0,0.0,0.0,0.0
121,-0.08746634052749866,-0.5158246758650691,-0.07957819512352465,-0.7865131675183027,-2.1285710033008237e-50,-0.022373868398476653,0.03974443510188773,0.008040428318170256,-0.3145106572907916,1.7028732195496205e-50,0.01664569250366407,0.0,0.0,0.0,0.0,0.0,0.0
122,4.31081717556499e-44,-1.5852342673734647e-43,6.5126245844503966e-43,2.93357066634204e-41,0.0,0.00016740973928151563,-0.0084197634796591,0.999964539141669,1.921559501703216e-07,0.0,4.009779222056297e-06,0.0,0.0,0.0,0.0,0.0,0.0
123,-0.03687148614698295,-0.6861575788679364,-0.0217208817189185,-0.3886498505430865,-2.341925392977166e-50,-0.04311462335712895,0.07658784432987298,0.015493969678998406,-0.6060645521548541,1.4070760975419103e-50,0.03207638259206021,0.0,0.0,0.0,0.0,0.0,0.0
124,0.799320898500084,0.27649808281583504,0.15246922860332188,-0.05825681348634656,5.411739142028388e-50,-0.03569915755586385,0.06341517816238346,0.01282909652612974,-0.5018249552404997,-8.876856401146178e-50,0.026559430346666496,0.0,0.0,0.0,0.0,0.0,0.0
125,0.3934426563589645,0.26071017546008235,-0.8556879287531071,0.04527538136781299,1.4577770980874103e-50,-0.014571129843449252,0.02588382635090403,0.005236382146101467,-0.20482714669245614,-4.282364411319445e-50,0.010840617388342334,0.0,0.0,0.0,0.0,0.0,0.0
126,-0.1418156083297285,-0.6889260232921468,-0.06512271294098024,-0.3676880535769917,-2.9658371176180497e-50,-0.042510373073045345,0.07551446775621296,0.015276822111626209,-0.5975705737944407,2.5305577195239827e-50,0.031626832954733855,0.0,0.0,0.0,0.0,0.0,0.0
127,-0.12931056051028303,-0.6587384223417658,-0.07642777669207891,-0.5261354024043036,-2.8090858487791636e-50,-0.03629531006437193,0.06447417003017855,0.01304333402078047,-0.5102051027391832,2.3561262481155995e-50,0.02700295540746619,0.0,0.0,0.0,0.0,0.0,0.0
128,0.7456138465183191,0.10538037515545455,0.30940989156478305,-0.07224839690646279,4.735930948813496e-50,-0.04049696497193088,0.07193789502489115,0.014553269830728695,-0.5692679891006804,-8.103712760384412e-50,0.03012889922514893,0.0,0.0,0.0,0.0,0.0,0.0
129,0.36548139218869463,0.2522644344785672,-0.874388520164729,0.048843581313174185,1.249664110491307e-50,-0.013306611079267646,0.0236375637438724,0.0047819559244349375,-0.18705173921278806,-3.969757220107839e-50,0.00989984174155602,0.0,0.0,0.0,0.0,0.0,0.0
130,0.4068434039020937,0.2647688690244327,-0.8460919644349228,0.04344743809617076,1.5586768374592943e-50,-0.015174811177205825,0.026956192254036795,0.005453325251542111,-0.21331312728787594,-4.432385976465881e-50,0.011289743738464636,0.0,0.0,0.0,0.0,0.0,0.0
131,-8.021987299107029e-55,1.2201967033855119e-54,-4.388104948254589e-54,-2.2727176847710653e-52,0.0,2.172512390213467e-14,0.9939210550131152,0.11009512433171602,2.4936465323904892e-17,0.0,5.203601234085344e-16,0.0,0.0,0.0,0.0,0.0,0.0
132,0.7553035080872789,0.13110585306381928,0.29159618262715165,-0.0731740865074781,4.8567216352732555e-50,-0.03987896744957031,0.07084009816727291,0.014331181960593303,-0.5605807650811178,-8.238667813762056e-50,0.02966912192861457,0.0,0.0,0.0,0.0,0.0,0.0
133,-0.008432479794552245,-0.6898788981667765,-0.001648052228872412,-0.29786493438595596,-2.1791157143161265e-50,-0.04636948314496731,0.08236970383219824,0.016663658636835256,-0.6518182891944443,1.1075704730686036e-50,0.034497930542819646,0.0,0.0,0.0,0.0,0.0,0.0
134,0.0,0.0,0.0,0.0,0.0,0.0,0.0,0.0,0.0,0.0,0.0,0.0,0.0,1.0,0.0,0.0,0.0
135,0.0,0.0,0.0,0.0,0.0,0.0,0.0,0.0,0.0,0.0,0.0,1.0,0.0,0.0,0.0,0.0,0.0
136,0.776831531409837,0.26085176085944106,0.2868634403580035,-0.03629836541375655,5.526339055845476e-50,-0.0347800726218779,0.06178253641883664,0.01249880779829805,-0.4889053294723315,-8.655834741140487e-50,0.025875650281303814,0.0,0.0,0.0,0.0,0.0,0.0
137,0.7209865900831263,0.05101266340183625,0.35098451871189534,-0.036079625870554126,4.48183253767404e-50,-0.041763042553475,0.07418692667991997,0.015008256239799888,-0.5870653089588633,-7.775792694123772e-50,0.03107083459961616,0.0,0.0,0.0,0.0,0.0,0.0
138,-0.14744005069155355,-0.6384102105146694,-0.0826873174160905,-0.5511667843989198,-2.848449672007742e-50,-0.035842612068522094,0.0636700075225435,0.012880649333421867,-0.503841502949772,2.51911698827121e-50,0.026666157518888286,0.0,0.0,0.0,0.0,0.0,0.0
139,0.7900662367582212,0.24212299468862022,0.20907995233430512,-0.030731968213772942,5.305805518343631e-50,-0.03668990194492607,0.06517511414539554,0.013185137292081064,-0.5157519017774855,-8.744875223154745e-50,0.027296523555418326,0.0,0.0,0.0,0.0,0.0,0.0
140,0.7914695164712735,0.2559574157098875,0.20550566034441728,-0.047889254386893565,5.386085814213068e-50,-0.036080525595493386,0.06409263174488597,0.012966147586362468,-0.5071858660440017,-8.779162668023288e-50,0.02684316023214459,0.0,0.0,0.0,0.0,0.0,0.0
141,0.7861277016427343,0.23598873265232675,0.23323119478612647,-0.02354972313568038,5.2892817767030465e-50,-0.03661228722410981,0.06503724110620973,0.013157245128418626,-0.5146608675216,-8.701292019527602e-50,0.027238779818239592,0.0,0.0,0.0,0.0,0.0,0.0
142,-0.09329277695693469,-0.5486383548444462,-0.07864311381317692,-0.746251340083993,-2.2637793610731044e-50,-0.02506830193167875,0.04453076604785572,0.009008718615402481,-0.35238645268123236,1.812778852257757e-50,0.01865029498305828,0.0,0.0,0.0,0.0,0.0,0.0
143,0.807393344519235,0.30161463519897,0.008752709842199521,-0.051588002804955554,5.294199743831593e-50,-0.03545008242997608,0.06297272672752313,0.012739587163695863,-0.4983236929570839,-8.95719641595793e-50,0.026374123636086415,0.0,0.0,0.0,0.0,0.0,0.0
144,0.79642578421069,0.2844483640070186,0.17807010736414702,-0.060677046047347145,5.56195217193752e-50,-0.03509983605854659,0.062350556974349734,0.012613720201710818,-0.49340026109763463,-8.865591141801689e-50,0.026113547624129593,0.0,0.0,0.0,0.0,0.0,0.0
145,0.773024601352089,0.20010755961533533,0.2751504904787818,0.00779986063415913,5.173420063807422e-50,-0.03762766214694473,0.06684093021378575,0.013522137293586763,-0.5289340467809773,-8.522266096987008e-50,0.027994197631575922,0.0,0.0,0.0,0.0,0.0,0.0
146,0.030285474359733746,-0.6442392727573869,0.010789866159347052,-0.45585340854901907,-1.809476696775749e-50,-0.04310385393273186,0.0765687137673187,0.015490099504052552,-0.6059131657837065,6.274991689570491e-51,0.03206837036441417,0.0,0.0,0.0,0.0,0.0,0.0
147,0.7346273046625674,0.08183303789308465,0.3166550553144985,0.044336189149441034,4.622684704613117e-50,-0.04166272543262259,0.07400872560944301,0.014972205584413074,-0.5856551458589949,-7.954761346170608e-50,0.030996200749230932,0.0,0.0,0.0,0.0,0.0,0.0
148,0.7646083111190295,0.2376573280107917,0.33163976633405434,-0.012384451400931798,5.434384324242506e-50,-0.03505409455070321,0.062269302791675765,0.012597282216628052,-0.49275727029061667,-8.505684765007611e-50,0.0260795168941433,0.0,0.0,0.0,0.0,0.0,0.0
149,-0.10651094463057403,-0.5912453738473947,-0.08004374196317167,-0.683212053220545,-2.4726974301978367e-50,-0.0286269043548187,0.05085218711554741,0.010287562630505816,-0.40240991608974885,2.0159120803775306e-50,0.02129782113380582,0.0,0.0,0.0,0.0,0.0,0.0
