,0,1,2,3,4,5,6,7,8,9,10,11,12,13,14,15
0,-1.1536541023816413e-15,-1.4911506915885452e-15,1.538781178259793e-15,-6.858576382977424e-16,0.9862371656556905,-0.0015426132417682007,-0.05281512190703729,0.07423978901900433,0.1349508050491163,0.028656068550480633,0.0,0.0,0.0,0.0,0.0,0.0
1,1.5719303254837546e-15,8.499002400552409e-16,1.7991258226269136e-15,-2.4248152696226274e-15,0.9862371656556913,-0.0015426132417664274,-0.05281512190703531,0.07423978901900186,0.13495080504911422,0.028656068550479284,0.0,0.0,0.0,0.0,0.0,0.0
2,-3.9834365621833445e-16,-1.1891160997569474e-15,1.703876065320557e-15,5.587884091809891e-16,0.986237165655692,-0.0015426132417629332,-0.052815121907032136,0.07423978901899923,0.13495080504911308,0.02865606855047953,0.0,0.0,0.0,0.0,0.0,0.0
3,1.0044072656339667e-15,-3.2735942578946715e-15,1.2422498599350164e-15,-2.90645650309495e-16,0.9862371656556915,-0.0015426132417646178,-0.05281512190703349,0.07423978901900084,0.1349508050491144,0.028656068550479346,0.0,0.0,0.0,0.0,0.0,0.0
4,-2.4070186546241536e-15,1.1208914766006046e-15,4.698172882665286e-16,-2.252898071387817e-15,0.9862371656556923,-0.0015426132417613037,-0.05281512190703036,0.07423978901899692,0.13495080504911133,0.02865606855048133,0.0,0.0,0.0,0.0,0.0,0.0
5,-3.8131205691312675e-15,2.4134235698418143e-15,1.6987502505623645e-15,1.256818816402586e-15,0.9862371656556921,-0.001542613241762892,-0.052815121907031866,0.07423978901899853,0.13495080504911167,0.02865606855047937,0.0,0.0,0.0,0.0,0.0,0.0
6,1.317266962194749e-15,-2.9680584984094247e-15,-2.6583860073680324e-15,7.777741254797302e-16,0.9862371656556921,-0.0015426132417629397,-0.052815121907031706,0.0742397890189987,0.13495080504911247,0.028656068550479207,0.0,0.0,0.0,0.0,0.0,0.0
7,-2.140927823962486e-15,-1.0790658471535244e-15,2.6104020703770428e-15,-1.8535289818583636e-15,0.9862371656556912,-0.0015426132417655466,-0.052815121907034676,0.07423978901900195,0.1349508050491154,0.028656068550479932,0.0,0.0,0.0,0.0,0.0,0.0
8,-1.5486574295437557e-15,-3.3271845980891076e-15,2.2454052619917783e-15,2.6589296863477936e-17,0.9862371656556916,-0.0015426132417639758,-0.052815121907032865,0.07423978901900011,0.13495080504911405,0.02865606855047994,0.0,0.0,0.0,0.0,0.0,0.0
9,-6.16412858588937e-16,-1.3920833506685363e-15,2.799922839317018e-15,-2.538749272076739e-16,0.986237165655692,-0.0015426132417635974,-0.052815121907032365,0.07423978901899879,0.13495080504911183,0.028656068550479304,0.0,0.0,0.0,0.0,0.0,0.0
10,-2.759316567792968e-15,9.458406374513035e-16,1.0615870355703298e-15,-4.679749047944909e-16,0.986237165655691,-0.0015426132417651636,-0.0528151219070346,0.07423978901900238,0.13495080504911727,0.028656068550480803,0.0,0.0,0.0,0.0,0.0,0.0
11,6.479180555520687e-16,-2.2981840251628093e-15,7.166020905205921e-16,3.87867059201763e-16,0.9862371656556915,-0.0015426132417647794,-0.05281512190703364,0.07423978901900077,0.13495080504911544,0.02865606855048062,0.0,0.0,0.0,0.0,0.0,0.0
12,-7.926760748416303e-16,-2.4966680713000045e-15,6.499156601375101e-16,7.612429959682237e-16,0.9862371656556919,-0.0015426132417644435,-0.05281512190703313,0.0742397890189994,0.1349508050491129,0.028656068550479738,0.0,0.0,0.0,0.0,0.0,0.0
13,2.1216242629815175e-15,-4.237442952752881e-15,2.408449148617362e-15,-7.354569806413337e-16,0.9862371656556917,-0.0015426132417636993,-0.05281512190703264,0.07423978901899937,0.13495080504911283,0.028656068550479825,0.0,0.0,0.0,0.0,0.0,0.0
14,-4.959556192425687e-15,8.220100551323017e-15,1.810592224869832e-15,1.8071809535951016e-15,0.9862371656556916,-0.0015426132417642425,-0.05281512190703309,0.07423978901900002,0.13495080504911383,0.028656068550479898,0.0,0.0,0.0,0.0,0.0,0.0
15,-6.706482862594996e-15,9.254501946463233e-15,2.455929595288989e-15,8.783348594124817e-16,0.9862371656556919,-0.0015426132417631585,-0.052815121907031956,0.07423978901899922,0.1349508050491135,0.028656068550479818,0.0,0.0,0.0,0.0,0.0,0.0
16,-3.608950100756395e-15,5.208320905668816e-15,1.221567909313986e-15,2.8321782113777216e-15,0.9862371656556917,-0.0015426132417638253,-0.05281512190703277,0.07423978901899952,0.13495080504911294,0.028656068550479863,0.0,0.0,0.0,0.0,0.0,0.0
17,-3.4357587654732584e-15,-1.0216930517402336e-15,1.2691063069695126e-17,1.2723242381927309e-16,0.9862371656556911,-0.0015426132417656739,-0.052815121907034836,0.07423978901900236,0.1349508050491163,0.028656068550480963,0.0,0.0,0.0,0.0,0.0,0.0
18,-1.50617440153842e-15,2.8153524261323986e-15,2.0152137795972447e-15,-8.957918263909868e-16,0.9862371656556914,-0.0015426132417640692,-0.05281512190703324,0.07423978901900048,0.1349508050491146,0.028656068550480404,0.0,0.0,0.0,0.0,0.0,0.0
19,-4.03682068308301e-15,2.533407238263583e-15,1.5498503341597496e-15,-2.329842807095921e-16,0.9862371656556912,-0.0015426132417646185,-0.05281512190703366,0.07423978901900133,0.13495080504911602,0.02865606855047935,0.0,0.0,0.0,0.0,0.0,0.0
20,-1.846807480673406e-15,-6.760632008649561e-16,3.418379093861626e-16,-1.5611639590383056e-15,0.9862371656556915,-0.0015426132417647792,-0.052815121907033684,0.07423978901900068,0.13495080504911375,0.028656068550479554,0.0,0.0,0.0,0.0,0.0,0.0
21,-3.679006349200821e-15,-3.294194762113313e-16,2.6301687633440533e-15,1.927334971321191e-16,0.9862371656556912,-0.00154261324176646,-0.05281512190703524,0.07423978901900236,0.1349508050491151,0.028656068550477806,0.0,0.0,0.0,0.0,0.0,0.0
22,2.610269386141648e-15,-2.761973133813638e-15,-7.823581926774728e-16,2.300977323103136e-16,0.986237165655692,-0.0015426132417633205,-0.05281512190703213,0.0742397890189994,0.13495080504911278,0.028656068550479082,0.0,0.0,0.0,0.0,0.0,0.0
23,-1.2023842142752871e-15,-2.2483562903352505e-15,4.248481788734033e-15,-2.7595706874536306e-15,0.9862371656556916,-0.001542613241764645,-0.0528151219070336,0.07423978901900041,0.13495080504911328,0.02865606855048024,0.0,0.0,0.0,0.0,0.0,0.0
24,-9.29890025488716e-18,-3.931248975935972e-15,2.6789794358218705e-15,-1.2391103181738526e-15,0.9862371656556917,-0.0015426132417643936,-0.052815121907033406,0.07423978901900033,0.13495080504911372,0.02865606855047987,0.0,0.0,0.0,0.0,0.0,0.0
25,8.384481877117072e-16,-1.492598822609691e-15,1.880652047270324e-15,-3.959673536734648e-16,0.9862371656556917,-0.0015426132417630588,-0.05281512190703189,0.07423978901899858,0.1349508050491133,0.028656068550481983,0.0,0.0,0.0,0.0,0.0,0.0
26,-9.032768115552503e-16,-1.7136505772022638e-15,2.619900903164997e-15,-1.674015284200597e-15,0.9862371656556915,-0.001542613241763629,-0.05281512190703277,0.07423978901899982,0.1349508050491148,0.02865606855048165,0.0,0.0,0.0,0.0,0.0,0.0
27,1.2352615283199804e-16,4.464997659375318e-18,1.014853921503912e-15,1.276795612554133e-15,0.9862371656556917,-0.0015426132417627211,-0.05281512190703163,0.07423978901899955,0.13495080504911394,0.02865606855047947,0.0,0.0,0.0,0.0,0.0,0.0
28,-1.6066616868937954e-15,7.507419368507451e-16,2.9589127545289863e-16,-5.213244871226412e-16,0.9862371656556912,-0.00154261324176472,-0.05281512190703362,0.07423978901900144,0.13495080504911572,0.028656068550477826,0.0,0.0,0.0,0.0,0.0,0.0
29,2.2153916680589505e-15,-2.441295767450316e-15,5.991427380214087e-16,1.5481180151651778e-16,0.9862371656556921,-0.0015426132417641052,-0.052815121907032886,0.07423978901899918,0.13495080504911156,0.028656068550478416,0.0,0.0,0.0,0.0,0.0,0.0
30,3.766834513326859e-16,-2.1571255660264666e-15,2.2681541623179914e-17,-9.366524506881424e-16,0.9862371656556912,-0.0015426132417652966,-0.052815121907034426,0.0742397890190018,0.13495080504911633,0.028656068550480387,0.0,0.0,0.0,0.0,0.0,0.0
31,-1.170090086821244e-15,-4.053214245357648e-16,2.608199735409232e-15,-1.6727352354905438e-15,0.9862371656556911,-0.0015426132417664896,-0.05281512190703554,0.07423978901900284,0.13495080504911616,0.028656068550479682,0.0,0.0,0.0,0.0,0.0,0.0
32,-2.8238252065141207e-15,3.852845090122721e-15,2.1574358407182545e-15,7.00192271943775e-16,0.9862371656556915,-0.0015426132417640593,-0.05281512190703275,0.07423978901900022,0.13495080504911425,0.02865606855047958,0.0,0.0,0.0,0.0,0.0,0.0
33,-5.6476333201606855e-15,7.835738278419442e-15,1.3343704599210085e-15,9.89670884556959e-16,0.9862371656556919,-0.0015426132417636377,-0.052815121907032456,0.07423978901899951,0.13495080504911358,0.0286560685504798,0.0,0.0,0.0,0.0,0.0,0.0
34,8.613982271128764e-16,-1.8642615010868245e-15,1.2528735806564872e-15,1.6613008181417479e-15,0.9862371656556917,-0.0015426132417642943,-0.0528151219070332,0.07423978901900005,0.13495080504911286,0.028656068550479315,0.0,0.0,0.0,0.0,0.0,0.0
35,-1.0501902410317456e-15,-1.2290187796719002e-15,2.2411817831294214e-15,9.130335863274115e-17,0.9862371656556912,-0.0015426132417654323,-0.052815121907034406,0.0742397890190018,0.13495080504911525,0.028656068550480432,0.0,0.0,0.0,0.0,0.0,0.0
36,-2.60138506940257e-15,1.0473624386940044e-15,1.4447099705643302e-15,-4.830128322007037e-16,0.986237165655692,-0.001542613241762901,-0.05281512190703181,0.07423978901899908,0.1349508050491134,0.02865606855048033,0.0,0.0,0.0,0.0,0.0,0.0
37,-2.4709383388159347e-16,-1.948248847379698e-15,2.0008454983159454e-15,4.3190573342144415e-16,0.9862371656556921,-0.0015426132417631284,-0.05281512190703226,0.07423978901899907,0.13495080504911228,0.028656068550480644,0.0,0.0,0.0,0.0,0.0,0.0
38,-1.9207265392833346e-15,-4.2123550701453584e-15,8.888014631535483e-16,-8.051399874932106e-16,0.9862371656556916,-0.001542613241764809,-0.05281512190703385,0.07423978901900093,0.13495080504911444,0.028656068550479655,0.0,0.0,0.0,0.0,0.0,0.0
39,-1.7091593405185633e-15,-1.4357658784367424e-15,1.8687747793735475e-15,-1.4429836200536198e-15,0.9862371656556912,-0.0015426132417666776,-0.05281512190703595,0.07423978901900319,0.1349508050491151,0.028656068550480397,0.0,0.0,0.0,0.0,0.0,0.0
40,-2.4801423162584446e-15,1.6507897829291114e-16,8.565218168448187e-16,-1.1063009582551652e-15,0.9862371656556917,-0.0015426132417630833,-0.052815121907032206,0.07423978901899936,0.13495080504911347,0.02865606855047949,0.0,0.0,0.0,0.0,0.0,0.0
41,0.0,0.0,0.0,0.0,0.0,0.0,0.0,0.0,0.0,0.0,0.0,1.0,0.0,0.0,0.0,0.0
42,6.819785512252032e-17,-3.745283150540406e-15,1.7939349583285905e-15,1.4840863670322213e-15,0.9862371656556922,-0.0015426132417624137,-0.05281512190703124,0.0742397890189984,0.13495080504911236,0.028656068550480033,0.0,0.0,0.0,0.0,0.0,0.0
43,1.1427124239435379e-15,-4.893326848676041e-16,1.9260249280426176e-15,-1.4419919113279048e-15,0.9862371656556917,-0.0015426132417634213,-0.05281512190703247,0.07423978901899897,0.13495080504911372,0.028656068550481844,0.0,0.0,0.0,0.0,0.0,0.0
44,-4.102832566726907e-15,2.4030663733594897e-15,3.826676952957679e-15,-8.640938044179795e-16,0.9862371656556914,-0.0015426132417647599,-0.05281512190703366,0.07423978901900105,0.13495080504911489,0.028656068550479984,0.0,0.0,0.0,0.0,0.0,0.0
45,-2.3426244336954603e-16,-3.2411932266210034e-15,1.6650074238394784e-15,-1.2688851850662062e-15,0.9862371656556916,-0.0015426132417630867,-0.052815121907032504,0.07423978901899968,0.13495080504911408,0.028656068550480855,0.0,0.0,0.0,0.0,0.0,0.0
46,-4.834782808510725e-15,2.0640223218749432e-15,3.5835237489010935e-15,-1.0040386563329691e-16,0.9862371656556911,-0.0015426132417658606,-0.05281512190703513,0.07423978901900231,0.13495080504911552,0.02865606855048004,0.0,0.0,0.0,0.0,0.0,0.0
47,1.2082434499043976e-15,-1.5399578489109506e-15,1.2213526114776583e-15,-1.3526599121024674e-16,0.9862371656556917,-0.0015426132417634402,-0.05281512190703241,0.07423978901899933,0.1349508050491134,0.028656068550480616,0.0,0.0,0.0,0.0,0.0,0.0
48,-4.093815995513368e-15,3.1510734829838383e-15,1.3129172791153646e-15,5.078598577096859e-16,0.9862371656556914,-0.0015426132417642343,-0.05281512190703302,0.07423978901900079,0.13495080504911508,0.02865606855047991,0.0,0.0,0.0,0.0,0.0,0.0
49,5.457130650354071e-17,-1.314767510962811e-15,1.8439973387460223e-16,1.0033362164596157e-15,0.986237165655692,-0.0015426132417638847,-0.052815121907032976,0.07423978901899926,0.1349508050491121,0.02865606855047873,0.0,0.0,0.0,0.0,0.0,0.0
50,-0.0071818611196934334,-0.8341473596580784,-0.3388657491406655,0.05592780904509531,1.2966275889323556e-15,-0.1345266078380965,-0.14917912919701903,0.21543499955032755,0.3117330445679042,0.047403972089208476,0.0,0.0,0.0,0.0,0.0,0.0
51,-0.047805932470227255,-0.5891718131456879,-0.4396769464626768,0.17499575265825787,1.4548639248343613e-15,-0.203642469973104,-0.22582303104438128,0.326119242372358,0.47189242476436305,0.07175875551995144,0.0,0.0,0.0,0.0,0.0,0.0
52,0.012147573226790255,-0.824775988517335,-0.3355529559888279,0.016412667428891678,8.07031676213643e-16,-0.14175397128638284,-0.15719369079886408,0.22700911909629393,0.32848072034847714,0.049950722807797505,0.0,0.0,0.0,0.0,0.0,0.0
53,0.03474558597812979,0.14493681786607138,0.6279904560133454,0.4290121290841342,5.749338440318145e-15,-0.19702224584414488,-0.21848173784953867,0.3155174141900732,0.4565516482696094,0.06942594623503327,0.0,0.0,0.0,0.0,0.0,0.0
54,-0.039669860664445035,-0.5637150780576785,-0.4769896948828813,0.1437365269435332,7.515162415028253e-16,-0.205026817938837,-0.22735816098895123,0.3283361792903984,0.47510031808029674,0.07224656676699028,0.0,0.0,0.0,0.0,0.0,0.0
55,-0.005343782772200432,-0.009682975078443758,0.2931835064083735,0.45070738836191615,6.008941698680732e-15,-0.2628453856422707,-0.291474276901113,0.4209285913594036,0.6090809367281721,0.09262045274908645,0.0,0.0,0.0,0.0,0.0,0.0
56,-0.07476266036336845,-0.08566933255887371,-0.6203565095684844,0.17969627503962357,7.571542825322933e-16,-0.23536695579845857,-0.2610029203295202,0.3769237984327096,0.5454062872828535,0.08293770862653316,0.0,0.0,0.0,0.0,0.0,0.0
57,1.2056740244462466e-16,1.3673446773127986e-16,-1.1588171076614397e-15,-1.603494038233699e-15,1.6097679115712072e-16,0.6570950975883517,0.6036877875684735,-0.4268190102879045,-0.056142943523870184,0.13586975460110806,0.0,0.0,0.0,0.0,0.0,0.0
58,-0.02926192699091171,-0.7535601143619323,-0.36883761696311507,0.12414637748138044,1.7002685282780133e-15,-0.16492420961858154,-0.18288761137883391,0.2641146431624756,0.38217217258039077,0.05811536286563473,0.0,0.0,0.0,0.0,0.0,0.0
59,0.0342565808784305,0.14199189583143768,0.6263455857443646,0.42979351056228776,5.903377859192417e-15,-0.19758161424212312,-0.2191020321679023,0.31641320374801624,0.4578478499395919,0.06962305433395516,0.0,0.0,0.0,0.0,0.0,0.0
60,1.1392679354394726e-16,4.171574478077148e-16,-1.2752354774810007e-15,-1.5849585125574653e-15,2.527676200532529e-16,0.6570950975883516,0.6036877875684734,-0.42681901028790475,-0.056142943523870184,0.13586975460110812,0.0,0.0,0.0,0.0,0.0,0.0
61,-0.003761342237320666,-0.07513418490085078,0.30465515471470506,0.4510372854356364,4.522842961575671e-15,-0.2604879645584091,-0.2888600875589982,0.41715334556748623,0.6036181805967958,0.09178975371446632,0.0,0.0,0.0,0.0,0.0,0.0
62,0.030100598943943065,0.104661740949051,0.6011060194313487,0.43743617832616355,5.1679831283168424e-15,-0.20573405568003778,-0.2281424304510543,0.3294687713099745,0.4767391713736486,0.07249578050011879,0.0,0.0,0.0,0.0,0.0,0.0
63,-0.06196237308006517,0.015540156222549862,-0.5299154333629266,0.21238535007498097,3.453967246683185e-15,-0.2551933524902093,-0.2829887909399619,0.4086743928393748,0.5913491910909161,0.08992405854279933,0.0,0.0,0.0,0.0,0.0,0.0
64,0.036102016949870204,0.14917967187193223,0.634911824878277,0.4269791639473221,3.9786181860005165e-15,-0.19495295896614395,-0.21618706604089177,0.3122035952750234,0.4517565738309565,0.06869677883101029,0.0,0.0,0.0,0.0,0.0,0.0
65,-0.028354916421132,-0.7707728633089912,-0.36966339747318383,0.11411095276724649,5.401941325143222e-16,-0.1575686901773123,-0.1747309351444872,0.252335290713261,0.3651275261223098,0.05552345302787856,0.0,0.0,0.0,0.0,0.0,0.0
66,0.0072812069281038595,0.011473366515595504,0.4229123852644879,0.4558673497630225,5.887804020823164e-15,-0.24412558124702868,-0.27071552765961254,0.3909501274980039,0.5657022943047537,0.0860240395983504,0.0,0.0,0.0,0.0,0.0,0.0
67,0.025078187686984988,0.07395014442804773,0.5649223263632513,0.44433465204107286,6.261815940274985e-15,-0.21539806383308208,-0.23885903398393438,0.34494500776285053,0.49913318496465303,0.0759011467701752,0.0,0.0,0.0,0.0,0.0,0.0
68,4.349859595999382e-20,-3.192266660167175e-19,-4.3502300948601933e-20,-1.6288789745216724e-20,-1.9364680192021037e-16,-0.1602765848956454,-0.3774961389054434,0.7060166565499426,-0.00026483033377623004,-0.5773633968174686,0.0,0.0,0.0,0.0,0.0,0.0
69,0.03348118939542217,0.13470415509457379,0.6202270576074178,0.4314396501986933,4.843316886859123e-15,-0.1996075094844886,-0.2213485861616236,0.31965753397860813,0.4625423747033354,0.0703369315591981,0.0,0.0,0.0,0.0,0.0,0.0
70,-0.08070440202202958,0.3959234369890965,-0.62474765743806,0.13984217887926542,-6.858195749395278e-17,-0.2036935647284965,-0.2258796909961815,0.32620106706697943,0.47201082456582616,0.07177676009464214,0.0,0.0,0.0,0.0,0.0,0.0
71,0.0068279991339070135,-0.12581393858605402,0.3824822708278169,0.4497147580270547,1.9472947900797764e-15,-0.24855325345745397,-0.2756254580840525,0.3980407363819327,0.5759623592888128,0.08758424581521619,0.0,0.0,0.0,0.0,0.0,0.0
72,-0.03858986650276856,0.24989012741949518,-0.6267187695200602,0.08392578006401036,5.200075486022548e-16,-0.22830398679270583,-0.2531706588701972,0.365612945144788,0.529039556067107,0.08044888659350735,0.0,0.0,0.0,0.0,0.0,0.0
73,-0.05431845034229231,-0.2072128942229844,-0.2921054205697902,0.3227684508690608,3.1609071772426732e-15,-0.27261563417065415,-0.30230869241879765,0.43657496437916826,0.6317211368260044,0.09606325559669623,0.0,0.0,0.0,0.0,0.0,0.0
74,-0.039473290305983566,-0.6441533495560126,-0.33201649860910415,0.20580159152081376,2.357808815691072e-15,-0.2046583194920085,-0.22694952601114438,0.3277460546748849,0.47424641159596276,0.07211671669220548,0.0,0.0,0.0,0.0,0.0,0.0
75,-0.03000498271064261,-0.7511674655412197,-0.3688112571725215,0.12668857345796608,1.3225902681664291e-15,-0.16578772044910983,-0.1838451750595107,0.2654974956581723,0.3841731511566271,0.058419643512913046,0.0,0.0,0.0,0.0,0.0,0.0
76,-0.003324843292518232,-0.802285371972103,-0.35420607787380926,0.052754254697909175,1.5126957915290726e-15,-0.14889400593567356,-0.1651114118247273,0.23844338764865744,0.34502603264998494,0.05246670093785171,0.0,0.0,0.0,0.0,0.0,0.0
77,0.09662144415137795,-0.6560981619024843,-0.32834457990507027,-0.16238141077748316,-1.7850242198985623e-15,-0.20349201029926126,-0.22565618343345972,0.3258782916765237,0.47154377067305714,0.07170573711493922,0.0,0.0,0.0,0.0,0.0,0.0
78,-0.04901227675896089,-0.15192640514906394,-0.23210868383024907,0.34379752739018754,2.692332621933332e-15,-0.2792795777992498,-0.3096984670032302,0.4472468062972944,0.6471632227416113,0.09841147059185812,0.0,0.0,0.0,0.0,0.0,0.0
79,0.03757105588063587,0.16156474909897792,0.6437159754448919,0.42387197957207184,4.722264250109422e-15,-0.19179372181286292,-0.21268372751903908,0.3071442968534383,0.4444358018875384,0.06758353891331631,0.0,0.0,0.0,0.0,0.0,0.0
80,0.036195509410938013,0.15265827767830864,0.6363418004282343,0.4264785019929516,4.904517360141869e-15,-0.19434191560313524,-0.21550946836515925,0.3112250518571027,0.4503406278632764,0.06848146170534258,0.0,0.0,0.0,0.0,0.0,0.0
81,0.03777297285472477,0.1651432914348449,0.6453378153821306,0.4232127831346122,4.838486851260495e-15,-0.19110410926416108,-0.21191900297010424,0.30603993035295785,0.44283779073692603,0.06734053587818112,0.0,0.0,0.0,0.0,0.0,0.0
82,0.02845957924226153,0.09583737015115229,0.5865297816419015,0.43985698883410246,4.723212365468567e-15,-0.20972369756923986,-0.23256662067188802,0.3358579051208923,0.48598420648487234,0.07390163526595944,0.0,0.0,0.0,0.0,0.0,0.0
83,-0.057373413501049075,0.5313960818772254,-0.5821356176169344,0.08616730486023955,-1.1162744701284772e-17,-0.18913292835528422,-0.20973312274758224,0.30288322131938544,0.438270053275949,0.06664593868072653,0.0,0.0,0.0,0.0,0.0,0.0
84,0.009940502798414207,0.02565909537541983,0.4523523405150136,0.45575304058328037,4.9241322723960745e-15,-0.23884549289204712,-0.2648603366640325,0.38249443348577933,0.553466960009642,0.0841634622372567,0.0,0.0,0.0,0.0,0.0,0.0
85,-0.07932413960229262,-0.12981668390498433,-0.6025719262327923,0.19863418477629502,1.4200678948805517e-15,-0.23626725846201282,-0.26200128317774113,0.3783655704883267,0.5474925220794693,0.08325495383936456,0.0,0.0,0.0,0.0,0.0,0.0
86,-0.013832514382180491,-0.768673287494176,-0.3820743139130143,0.07459039658238484,1.6775633777003284e-15,-0.15817596133038128,-0.1754043497444476,0.2533077931995049,0.3665347309011042,0.05573744091661952,0.0,0.0,0.0,0.0,0.0,0.0
87,8.134859505604728e-20,-7.989997442510099e-19,-6.173498631249642e-20,-1.829305842539754e-20,1.7037578653061924e-16,-0.16027658489564603,-0.3774961389054439,0.7060166565499426,-0.00026483033377611436,-0.5773633968174682,0.0,0.0,0.0,0.0,0.0,0.0
88,0.017729404600616273,0.04868307459070627,0.511919553485458,0.45120249423904435,5.12665483541795e-15,-0.22732790471240522,-0.25208826277693464,0.3640498176274206,0.5267777207058476,0.0801049385193342,0.0,0.0,0.0,0.0,0.0,0.0
89,0.03149311505911846,0.1236456444667705,0.6081022698803197,0.43464698778981414,5.97572515822821e-15,-0.20325111709635035,-0.22538905235198048,0.3254925179779658,0.4709855586378007,0.07162085208847037,0.0,0.0,0.0,0.0,0.0,0.0
90,0.021986300796764873,0.07340455231316576,0.5429615788262071,0.44706046252936926,6.107318579780408e-15,-0.2203337625955026,-0.24433232477145467,0.35284918581171665,0.5105704792442397,0.07764036944243523,0.0,0.0,0.0,0.0,0.0,0.0
91,-0.064321795876615,-0.16398975830487303,-0.44891105868702286,0.2624725036545517,2.648223666852313e-15,-0.26057485538531144,-0.28895644245934626,0.41729249517926253,0.6038195291809151,0.09182037197207245,0.0,0.0,0.0,0.0,0.0,0.0
92,0.027587484151322724,0.09085912978908106,0.5818071233164165,0.4410185660106659,5.216185230367796e-15,-0.21098809607811592,-0.23396873636887386,0.3378827513321254,0.48891414579615966,0.0743471791816779,0.0,0.0,0.0,0.0,0.0,0.0
93,1.5113464412691146e-16,3.1494261978207236e-16,-1.3374369810560184e-15,-1.6755769809416592e-15,-5.989475201752044e-16,0.6570950975883516,0.6036877875684735,-0.42681901028790487,-0.05614294352387031,0.13586975460110817,0.0,0.0,0.0,0.0,0.0,0.0
94,0.022736708891209677,0.07623997906500994,0.5475149294397461,0.4463091267718826,6.118529529951051e-15,-0.2192831024642821,-0.2431672276506975,0.3511666267363463,0.5081358271945479,0.07727014183961316,0.0,0.0,0.0,0.0,0.0,0.0
95,0.017941961021500055,0.04016650525932264,0.5113597715370277,0.45121335832229,5.731554357528512e-15,-0.22760824561345663,-0.25239913816559734,0.3644987640690387,0.527427343289856,0.08020372397495658,0.0,0.0,0.0,0.0,0.0,0.0
96,0.015504402407489274,0.036620198901181504,0.4892642525067978,0.4524903199238245,5.706090643249436e-15,-0.2321136523668196,-0.2573952699119199,0.3717138594132463,0.5378675393730923,0.08179132199306662,0.0,0.0,0.0,0.0,0.0,0.0
97,-0.04373835936487474,-0.512725756821743,-0.30086132372844476,0.2623527524357846,2.548296058542738e-15,-0.23658503447961465,-0.2623536710833562,0.37887446666365915,0.5482288915386404,0.08336693053833229,0.0,0.0,0.0,0.0,0.0,0.0
98,1.4884360973775077e-16,2.745917585648169e-16,-1.3175688325540828e-15,-1.6442518081558774e-15,2.275840545476128e-16,0.6570950975883516,0.6036877875684734,-0.42681901028790475,-0.05614294352387012,0.1358697546011085,0.0,0.0,0.0,0.0,0.0,0.0
99,0.02080322569850012,0.0567675582038462,0.5323558951127353,0.44863702780800513,5.929073877524162e-15,-0.22301040063103972,-0.24730049989854638,0.3571356353345987,0.5167729438527936,0.07858355292686905,0.0,0.0,0.0,0.0,0.0,0.0
100,0.23491236349371894,0.05074479840064374,0.2580562102098496,-0.7156394254059003,-7.87397208580142e-15,-0.18797008726732461,-0.2084436260176495,0.30102101224946837,0.435575448851414,0.06623618118097573,0.0,0.0,0.0,0.0,0.0,0.0
101,-0.07476034977074208,0.7094074547214843,-0.5215510083090453,0.08868673044857721,-2.326843341454183e-16,-0.14330180394246614,-0.15891011204435565,0.22948786536757937,0.3320674500974607,0.050496142165403116,0.0,0.0,0.0,0.0,0.0,0.0
102,-0.5931116414825832,-0.011688927916115264,0.29870734153081424,-0.5879444302030917,-7.95022894582126e-15,-0.14394677659594404,-0.1596253345594256,0.23052074418274518,0.33356201903190796,0.05072341516481176,0.0,0.0,0.0,0.0,0.0,0.0
103,0.29185532452434537,0.06547372508061504,0.07277434383404023,-0.6482416842032162,-6.31273460103014e-15,-0.21712583055595197,-0.24077498755858598,0.3477119059188783,0.5031368686185934,0.07650997060676476,0.0,0.0,0.0,0.0,0.0,0.0
104,0.19109347454969516,0.06062352909710825,0.20083639428649255,-0.7075426760821709,-6.172766614386817e-15,-0.20177344445292775,-0.22375043288682953,0.32312612808389257,0.4675614078366048,0.07110015544806761,0.0,0.0,0.0,0.0,0.0,0.0
105,-4.6823397450085764e-45,1.1723507599005012e-43,-2.093192908442527e-45,6.417457006136692e-40,2.339536510776478e-16,-2.4878314612693955e-07,-0.1902800176039587,0.0026041608293879037,1.4625542283753826e-08,0.9817264044768022,0.0,0.0,0.0,0.0,0.0,0.0
106,0.0,0.0,0.0,0.0,0.0,0.0,0.0,0.0,0.0,0.0,0.0,0.0,1.0,0.0,0.0,0.0
107,-0.8566568014006157,-0.04712345621067487,0.25060986263516777,-0.36654658993489087,-5.17700292209273e-15,-0.08055255071367023,-0.08932626461916215,0.1289993035999442,0.1866611541406263,0.02838480005636414,0.0,0.0,0.0,0.0,0.0,0.0
108,0.0,0.0,0.0,0.0,0.0,0.0,0.0,0.0,0.0,0.0,0.0,0.0,0.0,1.0,0.0,0.0
109,0.0,0.0,0.0,0.0,0.0,0.0,0.0,0.0,0.0,0.0,0.0,0.0,0.0,0.0,1.0,0.0
110,0.29387268800525007,-0.13886326689632836,0.043467605893352655,-0.6207689947001923,-5.302142641229686e-15,-0.2220156559157224,-0.2461974084522578,0.35554262090614025,0.5144678623253621,0.07823302858466734,0.0,0.0,0.0,0.0,0.0,0.0
111,0.24002405376242206,0.17414574105859357,-0.1530387482493982,-0.5069397707987779,-4.068236448684339e-15,-0.24778259780299142,-0.2747708632846212,0.39680658498808413,0.5741765502407625,0.08731268512011142,0.0,0.0,0.0,0.0,0.0,0.0
112,0.12745238962021868,0.037225574412379094,0.21598318158656332,-0.7171171393870461,-7.777692868082601e-15,-0.2024006971949566,-0.22444600545307639,0.32413062969416073,0.46901491513994886,0.07132118437278222,0.0,0.0,0.0,0.0,0.0,0.0
113,-0.07567007486108343,0.7691731846333445,-0.48738279993305483,0.0794890436232227,-4.965310926265097e-16,-0.12423325255014644,-0.13776463058556224,0.19895090746276217,0.2878806704220118,0.0437768388802779,0.0,0.0,0.0,0.0,0.0,0.0
114,-0.07624128484674624,0.795533477776612,-0.46795838964905917,0.07617840294282516,-9.363433049329022e-16,-0.1151962950424172,-0.1277433755100161,0.18447884897633193,0.266939695823844,0.04059243032086981,0.0,0.0,0.0,0.0,0.0,0.0
115,0.2895386086024163,-0.015638660964882957,0.17581800871098852,-0.6855313598652252,-6.521867181897366e-15,-0.2008564284816839,-0.22273353633195264,0.32165759082924006,0.46543644397089223,0.07077702086372983,0.0,0.0,0.0,0.0,0.0,0.0
116,0.28068848370588323,0.042038403070083406,0.0861365802340835,-0.655870469045481,-7.069684827670201e-15,-0.21641756652190974,-0.2399895800207169,0.3465776703627475,0.501495637138528,0.0762603952324852,0.0,0.0,0.0,0.0,0.0,0.0
117,4.7103575178821744e-55,-2.142387465133296e-53,-2.5276825923744535e-53,1.3759361302990024e-47,2.0471918309226868e-19,9.244079266224036e-13,0.23360025383638827,-8.804290494595742e-09,-4.9309330768081224e-14,0.9723327215555254,0.0,0.0,0.0,0.0,0.0,0.0
118,-2.616203703828254e-44,1.223789319810017e-42,-1.4100319690652995e-43,-1.3542485773647707e-37,1.5541980979096742e-16,-2.4878314609993513e-07,-0.1902800176039586,0.0026041608293877693,1.4625542202830686e-08,0.9817264044768023,0.0,0.0,0.0,0.0,0.0,0.0
119,-0.041676162560575346,0.28491799963778436,-0.6409086762516344,0.08239571353085921,4.485841267812189e-16,-0.2203500413763576,-0.2443503766229896,0.3528752551462668,0.5106082014019446,0.07764610569703691,0.0,0.0,0.0,0.0,0.0,0.0
120,0.02957334396372197,0.04519308567870452,0.2693918090996827,-0.7324434398342969,-8.142862837302133e-15,-0.19420861285504099,-0.21536164639744607,0.31101157678374874,0.45003173081917075,0.06843448899227188,0.0,0.0,0.0,0.0,0.0,0.0
121,-0.07640132100359696,0.7551144492767371,-0.4952322251237337,0.083974560484566,-4.580527068190846e-16,-0.12917068982400906,-0.1432398492416824,0.20685786961670652,0.29932199328355713,0.04551667416255922,0.0,0.0,0.0,0.0,0.0,0.0
122,-2.3630963391291446e-44,1.0360838447228067e-42,6.272103757158486e-44,1.4267498408149437e-37,2.6340997399249285e-17,-2.4878314604367727e-07,-0.19028001760395852,0.0026041608293879484,1.4625542338044011e-08,0.9817264044768022,0.0,0.0,0.0,0.0,0.0,0.0
123,-0.018939824847008513,0.33888864141710484,-0.5983046420207699,0.03215060504955957,1.2734662227691414e-15,-0.22606806708375865,-0.25069120472729195,0.3620322753484358,0.5238583501370624,0.07966100174916484,0.0,0.0,0.0,0.0,0.0,0.0
124,0.13825905169143338,0.05282726134951469,0.2507283802430469,-0.7248239558638219,-7.355606432889336e-15,-0.19466391570972844,-0.21586654044387113,0.3117407126169576,0.45108678563229004,0.06859492687264945,0.0,0.0,0.0,0.0,0.0,0.0
125,-0.8406870401046084,-0.044481667992156776,0.2561397191287594,-0.3865452942725162,-5.425026031315735e-15,-0.08608516020758727,-0.09546148113694597,0.13785939264098124,0.19948164541488664,0.030334359851596663,0.0,0.0,0.0,0.0,0.0,0.0
126,-0.05697501641358551,0.3216855063550135,-0.6027324371513091,0.12407263529719433,5.629897221753471e-16,-0.2236469643178768,-0.24800639754962617,0.35815504777493756,0.5182480270303632,0.07880786280674047,0.0,0.0,0.0,0.0,0.0,0.0
127,-0.06909821807839482,0.47567808913995485,-0.5955642455358129,0.11690944963608636,-5.066412879202821e-16,-0.19732506269433056,-0.2188175372482053,0.31600235429992546,0.4572533534576804,0.06953265167974015,0.0,0.0,0.0,0.0,0.0,0.0
128,0.27368359657417757,0.06390616994200607,0.09321253414047383,-0.6595208645031749,-7.005820761603426e-15,-0.21540370451856133,-0.23886528904797888,0.34495404092805526,0.499146255896004,0.07590313441337083,0.0,0.0,0.0,0.0,0.0,0.0
129,-0.8615491246132528,-0.048126369174413604,0.24856021972374606,-0.3601147158739901,-5.3876802558530765e-15,-0.07884228070551096,-0.08742971348619938,0.12626042521476913,0.18269801491304563,0.027782141645254027,0.0,0.0,0.0,0.0,0.0,0.0
130,-0.8300402902199588,-0.04262317294399959,0.2597457937483518,-0.39912495478491256,-5.907641684356783e-15,-0.0895201942058572,-0.09927065605675642,0.1433603605146621,0.2074415101857553,0.031544784007801106,0.0,0.0,0.0,0.0,0.0,0.0
131,4.165866362690957e-55,-2.54073353134004e-53,6.101632272980374e-53,2.362149294981376e-46,2.582894469551726e-18,9.244041478151498e-13,0.23360025383638813,-8.804290491447818e-09,-4.9307842271029664e-14,0.9723327215555254,0.0,0.0,0.0,0.0,0.0,0.0
132,0.25878093553548803,0.0649393225684643,0.11635164426489528,-0.6703042086321942,-6.260681550417312e-15,-0.21281903330327853,-0.235999097687378,0.34081486986702214,0.4931569022648072,0.07499235784568532,0.0,0.0,0.0,0.0,0.0,0.0
133,-0.0014107955318206399,0.25498373847494044,-0.5905626350821408,0.007218524151094449,-5.291374393924578e-18,-0.23869398576373596,-0.26469232751081007,0.38225180536451187,0.5531158786946299,0.08411007473423787,0.0,0.0,0.0,0.0,0.0,0.0
134,0.0,0.0,0.0,0.0,0.0,0.0,0.0,0.0,0.0,0.0,1.0,0.0,0.0,0.0,0.0,0.0
135,0.0,0.0,0.0,0.0,0.0,0.0,0.0,0.0,0.0,0.0,0.0,0.0,0.0,0.0,0.0,1.0
136,0.2613105458179411,0.03306502099649948,0.23761590505463753,-0.7076338177773941,-7.143103478157492e-15,-0.19051463180299172,-0.21126532013552063,0.305095923225869,0.4414718185576741,0.06713281806260869,0.0,0.0,0.0,0.0,0.0,0.0
137,0.30833471425370745,0.03169541828796543,0.044813871138969605,-0.6333760675538915,-6.142237459680328e-15,-0.22061889732591256,-0.24464851612920796,0.3533058092374045,0.5112312103743082,0.07774084412933295,0.0,0.0,0.0,0.0,0.0,0.0
138,-0.07492723884110859,0.4994406226548432,-0.5784963863458862,0.13360302689857753,-1.0301901199007907e-16,-0.1953064538470385,-0.21657906327738394,0.3127696927239202,0.4525757131613078,0.06882134200655406,0.0,0.0,0.0,0.0,0.0,0.0
139,0.188652634039066,0.027729424500069686,0.21846733844860472,-0.7128759834010838,-7.568008814941223e-15,-0.19907336100855383,-0.22075625869732127,0.31880213237053623,0.46130461413439,0.0701487103600467,0.0,0.0,0.0,0.0,0.0,0.0
140,0.18599780912938035,0.0433433141543286,0.23166037603378323,-0.7163384006534268,-7.197674795376495e-15,-0.19636903798733285,-0.2177573831599355,0.3144713472699274,0.4550379962329335,0.0691957713461352,0.0,0.0,0.0,0.0,0.0,0.0
141,0.21052697681609597,0.021257242287661425,0.2130160782888232,-0.7096009972850881,-7.752045588547541e-15,-0.19873030289494412,-0.22037583499174568,0.31825274867805303,0.46050965950096806,0.0700278248526823,0.0,0.0,0.0,0.0,0.0,0.0
142,-0.07476034977074165,0.7094074547214845,-0.5215510083090453,0.08868673044857711,-6.939524632044511e-16,-0.14330180394246636,-0.15891011204435584,0.22948786536757942,0.3320674500974603,0.05049614216540192,0.0,0.0,0.0,0.0,0.0,0.0
143,0.007946779808385722,0.046837894370587205,0.27384263115367685,-0.7330503630676012,-8.801536303562438e-15,-0.193545025791166,-0.21462578200655616,0.3099488882858748,0.4484940274675289,0.06820065671804686,0.0,0.0,0.0,0.0,0.0,0.0
144,0.16195376302887915,0.055185432761874965,0.258704190277934,-0.7243447799039029,-6.3592702495456694e-15,-0.1919646350727931,-0.2128732565028906,0.3074180025438395,0.44483185224314686,0.06764376467484767,0.0,0.0,0.0,0.0,0.0,0.0
145,0.24708214183754776,-0.007004189845970078,0.17969440774613554,-0.6941676675292575,-9.054554072160263e-15,-0.20318629850676606,-0.22531717377787921,0.325388715518045,0.4708353571527404,0.07159801156152168,0.0,0.0,0.0,0.0,0.0,0.0
146,0.009408937077091895,0.39751151442187416,-0.5617870222337082,-0.026409421432303643,-1.3607466448107324e-15,-0.22602512895327817,-0.2506435898129087,0.3619635129209168,0.5237588513512232,0.07964587137479585,0.0,0.0,0.0,0.0,0.0,0.0
147,0.2783292547897675,-0.03897003467678458,0.07192851676202064,-0.6457129511223867,-5.5961129211530255e-15,-0.2202095879976439,-0.24419462518417803,0.3526503288356571,0.5102827344919396,0.07759661327206933,0.0,0.0,0.0,0.0,0.0,0.0
148,0.3016924151164925,0.011266124971495374,0.2161966704122239,-0.6955635343419191,-6.209380204339297e-15,-0.19175763364370477,-0.21264370865781956,0.3070865041622239,0.4443521762388497,0.06757082230214835,0.0,0.0,0.0,0.0,0.0,0.0
149,-0.07500160295516738,0.6401749580050863,-0.5540014708307213,0.09980157578389323,-3.387196623928777e-16,-0.1612997394504367,-0.17886836706595297,0.258310306447286,0.3737733350669863,0.05683818591566111,0.0,0.0,0.0,0.0,0.0,0.0
